아이디,생일,전화번호,성별
arin73,1997.10.02,01050679106,b
gyuri26_t,2003.05.01,01048995129,b
jihun17_q,1984.04.13,01040675060,b
gyuri95,1994.02.04,01096798793,b
eunho76,1983.05.13,01055739996,g
aerin,1990.01.31,01041556271,b
harin71,1986.01.23,01017614552,g
harin48_h,1990.10.09,01084763307,b
yongjun7,1989.11.06,01071549670,b
harin93,1998.07.17,01012208324,b
hyerin95_a,1989.03.07,01065807061,b
jaewon78,1998.03.27,01034736559,g
minkyu54,2001.07.07,01078773017,g
jiseok,1992.06.11,01023088500,b
donghyun52,1999.11.28,01040046830,b
jiseok_f,1984.01.06,01044309577,b
hyeond,1985.01.11,01059343166,b
eunho45,1984.11.28,01028992523,g
jihun,1997.02.07,01010368201,b
sangho,1995.03.10,01089245151,b
yujin3_s,1981.03.20,01064682873,g
hyeond5_n,2002.07.17,01092203143,g
seoyeon,1998.05.11,01062891673,b
soyeon,1988.04.10,01072646187,b
yongjun55,1988.02.20,01085945026,b
donghyun,1989.04.18,01031973680,g
nahyun43,2002.06.18,01026324822,g
yuna70,2000.01.07,01051856590,b
hanna26,1994.12.23,01019168880,g
gyuri8,1997.03.25,01032354137,b
hyunwoo,1982.05.15,01021373778,b
minkyu,1982.10.30,01071871297,b
yongjun,1986.01.17,01046072340,g
aerin,2001.06.22,01069528168,b
jiwoo,1984.04.15,01014941633,g
harin,1991.05.17,01056634566,g
minseok25,1999.07.05,01051186681,b
eunho12,2008.04.14,01018357118,g
seojun,1995.04.23,01095301093,g
jaewon86,1993.11.15,01033363817,b
jiseok88,1990.06.02,01083441707,b
minseok,1999.08.10,01061512618,g
soyeon83,1981.02.15,01046106859,b
jaewon90,1980.06.27,01010712515,b
gyuri,1983.12.01,01091661065,g
jaewon,1998.04.24,01099549682,b
gyuri32,2002.04.29,01020929553,g
gyuri45,2003.12.03,01032786880,b
jian27,2005.06.12,01068825295,b
harin44,2008.04.08,01089641455,g
daun11_a,1981.04.10,01074822127,g
eunho,1985.09.10,01039749521,g
hanna15,2006.12.07,01061993065,b
minseok28,1993.06.16,01086408770,b
jihun,1991.03.10,01041314434,g
subin,1985.04.23,01051521122,g
jaewon,1996.06.05,01039159172,g
hyerin_b,2001.01.14,01024742042,b
jiseok,2009.09.06,01063145379,b
subin,1997.11.12,01069888366,g
hyunwoo71,2005.02.22,01019618902,g
arin96_x,2002.10.26,01019275979,g
hyunwoo73_b,1984.11.28,01048879705,g
arin,1983.12.23,01045849767,b
jiseok,1999.11.29,01031757095,g
suhyun18_x,1980.04.26,01035932222,g
dongmin_a,2005.04.10,01071906157,g
gyuri29,1993.03.05,01050268522,g
sangho,1986.08.17,01073601923,b
yongjun79,1985.01.25,01062871021,g
jaewon94,1989.07.14,01056199336,g
seojun,1998.01.04,01011882332,g
haeun,2004.01.22,01060097209,g
seojun,1986.09.20,01041475080,g
hyeond,2003.12.24,01016053143,b
jiseok,2010.01.15,01084446628,g
eunji_a,1999.04.15,01094595443,g
eunho,2003.10.09,01044758095,g
hanna51,1982.05.03,01011384558,g
seoyeon9_x,1983.12.23,01027616980,g
eunho,1986.07.15,01063098339,b
daun,2004.03.03,01093131292,g
hyunwoo,1986.05.17,01095633541,b
yongjun5,2006.12.15,01037973443,b
suhyun97_m,1984.07.05,01056599668,b
gyuri,1994.09.08,01067048660,b
hyeond51,2006.03.19,01026493383,g
jihun38,2004.06.08,01055973478,g
seoyeon10,1985.08.30,01029359523,g
arin,1992.04.23,01011608886,g
hyunwoo,1995.12.03,01029943954,g
harin19_j,1987.07.21,01086357255,g
arin,1986.06.06,01076258901,g
eunji,2009.05.15,01014252792,b
eunho24,2005.09.25,01033523414,g
minkyu,1987.04.13,01023563591,b
hanna_q,1995.01.01,01023577299,b
jaewon93,1990.05.30,01024966740,g
yongjun_w,2007.12.12,01077579423,g
hyerin45,1983.06.04,01025026157,g
